date,state,total_population,ev_penetration_rate,gdp_per_capita,gasoline_price,incentives_available,charging_infrastructure_score
2022-01-01,California,39538223,0.0838482253251325,75000,4.85,1,0.92
2022-01-01,New York,20201249,0.06115988200186135,68000,4.65,1,0.78
2022-01-01,Texas,29145505,0.047349586065957176,55000,3.95,0,0.65
2022-01-01,Florida,21538187,0.04143088780771253,48000,4.15,0,0.58
2022-01-01,Washington,7705280,0.07694307735718041,72000,4.75,1,0.85
2022-01-01,Arizona,7151502,0.05129538490478694,52000,4.25,0,0.62
2022-01-01,Illinois,12812508,0.04439023693683485,58000,4.35,1,0.55
2022-01-01,Pennsylvania,13002700,0.037485088968882765,54000,4.45,0,0.48
2022-01-01,Ohio,11799448,0.027620591871808355,48000,4.25,0,0.42
2022-01-01,Georgia,10711908,0.03452573983976044,49000,4.15,0,0.45
2022-01-01,North Carolina,10439388,0.04044443809800509,51000,4.05,0,0.5
2022-01-01,Michigan,10077331,0.03156639071063812,47000,4.35,1,0.38
2022-01-01,New Jersey,9288994,0.057214083163031594,65000,4.55,1,0.68
2022-01-01,Virginia,8631393,0.038471538678590204,53000,4.25,0,0.46
2022-01-01,Massachusetts,7029917,0.06411923113098368,70000,4.85,1,0.72
2022-01-01,California,39538223,0.08680757445425481,75000,4.92,1,0.93
2022-01-01,New York,20201249,0.06411923113098368,68000,4.68,1,0.79
2022-01-01,Texas,29145505,0.05030893519507949,55000,3.98,0,0.66
2022-01-01,Florida,21538187,0.04439023693683485,48000,4.22,0,0.59
2022-01-01,Washington,7705280,0.08088887619601018,72000,4.82,1,0.86
2022-01-01,Arizona,7151502,0.05425473403390926,52000,4.32,0,0.63
2022-01-01,Illinois,12812508,0.047349586065957176,58000,4.42,1,0.56
2022-01-01,Pennsylvania,13002700,0.04044443809800509,54000,4.52,0,0.49
2022-01-01,Ohio,11799448,0.030579941000930675,48000,4.32,0,0.43
2022-01-01,Georgia,10711908,0.037485088968882765,49000,4.22,0,0.46
2022-01-01,North Carolina,10439388,0.043403787227127406,51000,4.12,0,0.51
2022-01-01,Michigan,10077331,0.03452573983976044,47000,4.42,1,0.39
2022-01-01,New Jersey,9288994,0.06017343229215391,65000,4.62,1,0.69
2022-01-01,Virginia,8631393,0.04143088780771253,53000,4.32,0,0.47
2022-01-01,Massachusetts,7029917,0.067078580260106,70000,4.92,1,0.73
2022-01-01,California,39538223,0.09075337329308458,75000,4.98,1,0.94
2022-01-01,New York,20201249,0.067078580260106,68000,4.75,1,0.8
2022-01-01,Texas,29145505,0.053268284324201824,55000,4.05,0,0.67
2022-01-01,Florida,21538187,0.047349586065957176,48000,4.28,0,0.6
2022-01-01,Washington,7705280,0.08483467503483993,72000,4.88,1,0.87
2022-01-01,Arizona,7151502,0.057214083163031594,52000,4.38,0,0.64
2022-01-01,Illinois,12812508,0.05030893519507949,58000,4.48,1,0.57
2022-01-01,Pennsylvania,13002700,0.043403787227127406,54000,4.58,0,0.5
2022-01-01,Ohio,11799448,0.033539290130053,48000,4.38,0,0.44
2022-01-01,Georgia,10711908,0.04044443809800509,49000,4.28,0,0.47
2022-01-01,North Carolina,10439388,0.04636313635624974,51000,4.18,0,0.52
2022-01-01,Michigan,10077331,0.037485088968882765,47000,4.48,1,0.4
2022-01-01,New Jersey,9288994,0.06313278142127624,65000,4.68,1,0.7
2022-01-01,Virginia,8631393,0.04439023693683485,53000,4.38,0,0.48
2022-01-01,Massachusetts,7029917,0.07003792938922832,70000,4.98,1,0.74
2022-02-01,California,39538223,0.0892410034984071,75000,4.85,1,0.92
2022-02-01,New York,20201249,0.06509343784589694,68000,4.65,1,0.78
2022-02-01,Texas,29145505,0.050394919622629895,55000,3.95,0,0.65
2022-02-01,Florida,21538187,0.04409555466980116,48000,4.15,0,0.58
2022-02-01,Washington,7705280,0.08189174438677357,72000,4.75,1,0.85
2022-02-01,Arizona,7151502,0.05459449625784905,52000,4.25,0,0.62
2022-02-01,Illinois,12812508,0.04724523714621552,58000,4.35,1,0.55
2022-02-01,Pennsylvania,13002700,0.039895978034581996,54000,4.45,0,0.48
2022-02-01,Ohio,11799448,0.029397036446534103,48000,4.25,0,0.42
2022-02-01,Georgia,10711908,0.036746295558167635,49000,4.15,0,0.45
2022-02-01,North Carolina,10439388,0.04304566051099637,51000,4.05,0,0.5
2022-02-01,Michigan,10077331,0.03359661308175326,47000,4.35,1,0.38
2022-02-01,New Jersey,9288994,0.06089386121067779,65000,4.55,1,0.68
2022-02-01,Virginia,8631393,0.04094587219338679,53000,4.25,0,0.46
2022-02-01,Massachusetts,7029917,0.06824312032231132,70000,4.85,1,0.72
2022-02-01,California,39538223,0.09239068597482146,75000,4.92,1,0.93
2022-02-01,New York,20201249,0.06824312032231132,68000,4.68,1,0.79
2022-02-01,Texas,29145505,0.053544602099044256,55000,3.98,0,0.66
2022-02-01,Florida,21538187,0.04724523714621552,48000,4.22,0,0.59
2022-02-01,Washington,7705280,0.08609132102199274,72000,4.82,1,0.86
2022-02-01,Arizona,7151502,0.05774417873426342,52000,4.32,0,0.63
2022-02-01,Illinois,12812508,0.050394919622629895,58000,4.42,1,0.56
2022-02-01,Pennsylvania,13002700,0.04304566051099637,54000,4.52,0,0.49
2022-02-01,Ohio,11799448,0.03254671892294847,48000,4.32,0,0.43
2022-02-01,Georgia,10711908,0.039895978034581996,49000,4.22,0,0.46
2022-02-01,North Carolina,10439388,0.04619534298741073,51000,4.12,0,0.51
2022-02-01,Michigan,10077331,0.036746295558167635,47000,4.42,1,0.39
2022-02-01,New Jersey,9288994,0.06404354368709216,65000,4.62,1,0.69
2022-02-01,Virginia,8631393,0.04409555466980116,53000,4.32,0,0.47
2022-02-01,Massachusetts,7029917,0.07139280279872569,70000,4.92,1,0.73
2022-02-01,California,39538223,0.09659026261004063,75000,4.98,1,0.94
2022-02-01,New York,20201249,0.07139280279872569,68000,4.75,1,0.8
2022-02-01,Texas,29145505,0.05669428457545863,55000,4.05,0,0.67
2022-02-01,Florida,21538187,0.050394919622629895,48000,4.28,0,0.6
2022-02-01,Washington,7705280,0.09029089765721188,72000,4.88,1,0.87
2022-02-01,Arizona,7151502,0.06089386121067779,52000,4.38,0,0.64
2022-02-01,Illinois,12812508,0.053544602099044256,58000,4.48,1,0.57
2022-02-01,Pennsylvania,13002700,0.04619534298741073,54000,4.58,0,0.5
2022-02-01,Ohio,11799448,0.035696401399362844,48000,4.38,0,0.44
2022-02-01,Georgia,10711908,0.04304566051099637,49000,4.28,0,0.47
2022-02-01,North Carolina,10439388,0.049345025463825104,51000,4.18,0,0.52
2022-02-01,Michigan,10077331,0.039895978034581996,47000,4.48,1,0.4
2022-02-01,New Jersey,9288994,0.06719322616350652,65000,4.68,1,0.7
2022-02-01,Virginia,8631393,0.04724523714621552,53000,4.38,0,0.48
2022-02-01,Massachusetts,7029917,0.07454248527514004,70000,4.98,1,0.74
2022-03-01,California,39538223,0.09179450639384276,75000,4.85,1,0.92
2022-03-01,New York,20201249,0.06695599289903824,68000,4.65,1,0.78
2022-03-01,Texas,29145505,0.05183689772828767,55000,3.95,0,0.65
2022-03-01,Florida,21538187,0.04535728551225172,48000,4.15,0,0.58
2022-03-01,Washington,7705280,0.08423495880846747,72000,4.75,1,0.85
2022-03-01,Arizona,7151502,0.056156639205644975,52000,4.25,0,0.62
2022-03-01,Illinois,12812508,0.04859709162026969,58000,4.35,1,0.55
2022-03-01,Pennsylvania,13002700,0.04103754403489441,54000,4.45,0,0.48
2022-03-01,Ohio,11799448,0.030238190341501145,48000,4.25,0,0.42
2022-03-01,Georgia,10711908,0.037797737926876435,49000,4.15,0,0.45
2022-03-01,North Carolina,10439388,0.04427735014291239,51000,4.05,0,0.5
2022-03-01,Michigan,10077331,0.03455793181885845,47000,4.35,1,0.38
2022-03-01,New Jersey,9288994,0.06263625142168094,65000,4.55,1,0.68
2022-03-01,Virginia,8631393,0.042117479404233736,53000,4.25,0,0.46
2022-03-01,Massachusetts,7029917,0.07019579900705623,70000,4.85,1,0.72
2022-03-01,California,39538223,0.09503431250186073,75000,4.92,1,0.93
2022-03-01,New York,20201249,0.07019579900705623,68000,4.68,1,0.79
2022-03-01,Texas,29145505,0.05507670383630565,55000,3.98,0,0.66
2022-03-01,Florida,21538187,0.04859709162026969,48000,4.22,0,0.59
2022-03-01,Washington,7705280,0.08855470028582478,72000,4.82,1,0.86
2022-03-01,Arizona,7151502,0.05939644531366296,52000,4.32,0,0.63
2022-03-01,Illinois,12812508,0.05183689772828767,58000,4.42,1,0.56
2022-03-01,Pennsylvania,13002700,0.04427735014291239,54000,4.52,0,0.49
2022-03-01,Ohio,11799448,0.03347799644951912,48000,4.32,0,0.43
2022-03-01,Georgia,10711908,0.04103754403489441,49000,4.22,0,0.46
2022-03-01,North Carolina,10439388,0.047517156250930365,51000,4.12,0,0.51
2022-03-01,Michigan,10077331,0.037797737926876435,47000,4.42,1,0.39
2022-03-01,New Jersey,9288994,0.06587605752969891,65000,4.62,1,0.69
2022-03-01,Virginia,8631393,0.04535728551225172,53000,4.32,0,0.47
2022-03-01,Massachusetts,7029917,0.07343560511507422,70000,4.92,1,0.73
2022-03-01,California,39538223,0.09935405397921804,75000,4.98,1,0.94
2022-03-01,New York,20201249,0.07343560511507422,68000,4.75,1,0.8
2022-03-01,Texas,29145505,0.058316509944323636,55000,4.05,0,0.67
2022-03-01,Florida,21538187,0.05183689772828767,48000,4.28,0,0.6
2022-03-01,Washington,7705280,0.09287444176318208,72000,4.88,1,0.87
2022-03-01,Arizona,7151502,0.06263625142168094,52000,4.38,0,0.64
2022-03-01,Illinois,12812508,0.05507670383630565,58000,4.48,1,0.57
2022-03-01,Pennsylvania,13002700,0.047517156250930365,54000,4.58,0,0.5
2022-03-01,Ohio,11799448,0.03671780255753711,48000,4.38,0,0.44
2022-03-01,Georgia,10711908,0.04427735014291239,49000,4.28,0,0.47
2022-03-01,North Carolina,10439388,0.050756962358948346,51000,4.18,0,0.52
2022-03-01,Michigan,10077331,0.04103754403489441,47000,4.48,1,0.4
2022-03-01,New Jersey,9288994,0.0691158636377169,65000,4.68,1,0.7
2022-03-01,Virginia,8631393,0.04859709162026969,53000,4.38,0,0.48
2022-03-01,Massachusetts,7029917,0.07667541122309218,70000,4.98,1,0.74
2022-04-01,California,39538223,0.09862658006744633,75000,4.85,1,0.92
2022-04-01,New York,20201249,0.07193938781390202,68000,4.65,1,0.78
2022-04-01,Texas,29145505,0.05569500992044028,55000,3.95,0,0.65
2022-04-01,Florida,21538187,0.048733133680385246,48000,4.15,0,0.58
2022-04-01,Washington,7705280,0.09050439112071545,72000,4.75,1,0.85
2022-04-01,Arizona,7151502,0.060336260747143634,52000,4.25,0,0.62
2022-04-01,Illinois,12812508,0.052214071800412765,58000,4.35,1,0.55
2022-04-01,Pennsylvania,13002700,0.04409188285368189,54000,4.45,0,0.48
2022-04-01,Ohio,11799448,0.0324887557869235,48000,4.25,0,0.42
2022-04-01,Georgia,10711908,0.040610944733654376,49000,4.15,0,0.45
2022-04-01,North Carolina,10439388,0.04757282097370941,51000,4.05,0,0.5
2022-04-01,Michigan,10077331,0.03713000661362686,47000,4.35,1,0.38
2022-04-01,New Jersey,9288994,0.06729813698719868,65000,4.55,1,0.68
2022-04-01,Virginia,8631393,0.04525219556035773,53000,4.25,0,0.46
2022-04-01,Massachusetts,7029917,0.07542032593392956,70000,4.85,1,0.72
2022-04-01,California,39538223,0.10210751818747384,75000,4.92,1,0.93
2022-04-01,New York,20201249,0.07542032593392956,68000,4.68,1,0.79
2022-04-01,Texas,29145505,0.059175948040467795,55000,3.98,0,0.66
2022-04-01,Florida,21538187,0.052214071800412765,48000,4.22,0,0.59
2022-04-01,Washington,7705280,0.09514564194741881,72000,4.82,1,0.86
2022-04-01,Arizona,7151502,0.06381719886717116,52000,4.32,0,0.63
2022-04-01,Illinois,12812508,0.05569500992044028,58000,4.42,1,0.56
2022-04-01,Pennsylvania,13002700,0.04757282097370941,54000,4.52,0,0.49
2022-04-01,Ohio,11799448,0.03596969390695101,48000,4.32,0,0.43
2022-04-01,Georgia,10711908,0.04409188285368189,49000,4.22,0,0.46
2022-04-01,North Carolina,10439388,0.05105375909373692,51000,4.12,0,0.51
2022-04-01,Michigan,10077331,0.040610944733654376,47000,4.42,1,0.39
2022-04-01,New Jersey,9288994,0.07077907510722618,65000,4.62,1,0.69
2022-04-01,Virginia,8631393,0.048733133680385246,53000,4.32,0,0.47
2022-04-01,Massachusetts,7029917,0.07890126405395707,70000,4.92,1,0.73
2022-04-01,California,39538223,0.10674876901417721,75000,4.98,1,0.94
2022-04-01,New York,20201249,0.07890126405395707,68000,4.75,1,0.8
2022-04-01,Texas,29145505,0.06265688616049532,55000,4.05,0,0.67
2022-04-01,Florida,21538187,0.05569500992044028,48000,4.28,0,0.6
2022-04-01,Washington,7705280,0.09978689277412216,72000,4.88,1,0.87
2022-04-01,Arizona,7151502,0.06729813698719868,52000,4.38,0,0.64
2022-04-01,Illinois,12812508,0.059175948040467795,58000,4.48,1,0.57
2022-04-01,Pennsylvania,13002700,0.05105375909373692,54000,4.58,0,0.5
2022-04-01,Ohio,11799448,0.03945063202697854,48000,4.38,0,0.44
2022-04-01,Georgia,10711908,0.04757282097370941,49000,4.28,0,0.47
2022-04-01,North Carolina,10439388,0.054534697213764444,51000,4.18,0,0.52
2022-04-01,Michigan,10077331,0.04409188285368189,47000,4.48,1,0.4
2022-04-01,New Jersey,9288994,0.07426001322725372,65000,4.68,1,0.7
2022-04-01,Virginia,8631393,0.052214071800412765,53000,4.38,0,0.48
2022-04-01,Massachusetts,7029917,0.08238220217398458,70000,4.98,1,0.74
2022-05-01,California,39538223,0.10159572652339713,75000,4.85,1,0.92
2022-05-01,New York,20201249,0.07410511817000731,68000,4.65,1,0.78
2022-05-01,Texas,29145505,0.05737170438968308,55000,3.95,0,0.65
2022-05-01,Florida,21538187,0.050200241340972694,48000,4.15,0,0.58
2022-05-01,Washington,7705280,0.093229019633235,72000,4.75,1,0.85
2022-05-01,Arizona,7151502,0.06215267975549,52000,4.25,0,0.62
2022-05-01,Illinois,12812508,0.05378597286532789,58000,4.35,1,0.55
2022-05-01,Pennsylvania,13002700,0.04541926597516577,54000,4.45,0,0.48
2022-05-01,Ohio,11799448,0.03346682756064846,48000,4.25,0,0.42
2022-05-01,Georgia,10711908,0.04183353445081058,49000,4.15,0,0.45
2022-05-01,North Carolina,10439388,0.04900499749952097,51000,4.05,0,0.5
2022-05-01,Michigan,10077331,0.03824780292645539,47000,4.35,1,0.38
2022-05-01,New Jersey,9288994,0.06932414280420039,65000,4.55,1,0.68
2022-05-01,Virginia,8631393,0.0466145098166175,53000,4.25,0,0.46
2022-05-01,Massachusetts,7029917,0.0776908496943625,70000,4.85,1,0.72
2022-05-01,California,39538223,0.10518145804775231,75000,4.92,1,0.93
2022-05-01,New York,20201249,0.0776908496943625,68000,4.68,1,0.79
2022-05-01,Texas,29145505,0.060957435914038266,55000,3.98,0,0.66
2022-05-01,Florida,21538187,0.05378597286532789,48000,4.22,0,0.59
2022-05-01,Washington,7705280,0.09800999499904194,72000,4.82,1,0.86
2022-05-01,Arizona,7151502,0.0657384112798452,52000,4.32,0,0.63
2022-05-01,Illinois,12812508,0.05737170438968308,58000,4.42,1,0.56
2022-05-01,Pennsylvania,13002700,0.04900499749952097,54000,4.52,0,0.49
2022-05-01,Ohio,11799448,0.037052559085003656,48000,4.32,0,0.43
2022-05-01,Georgia,10711908,0.04541926597516577,49000,4.22,0,0.46
2022-05-01,North Carolina,10439388,0.052590729023876154,51000,4.12,0,0.51
2022-05-01,Michigan,10077331,0.04183353445081058,47000,4.42,1,0.39
2022-05-01,New Jersey,9288994,0.07290987432855557,65000,4.62,1,0.69
2022-05-01,Virginia,8631393,0.050200241340972694,53000,4.32,0,0.47
2022-05-01,Massachusetts,7029917,0.0812765812187177,70000,4.92,1,0.73
2022-05-01,California,39538223,0.10996243341355923,75000,4.98,1,0.94
2022-05-01,New York,20201249,0.0812765812187177,68000,4.75,1,0.8
2022-05-01,Texas,29145505,0.06454316743839346,55000,4.05,0,0.67
2022-05-01,Florida,21538187,0.05737170438968308,48000,4.28,0,0.6
2022-05-01,Washington,7705280,0.10279097036484884,72000,4.88,1,0.87
2022-05-01,Arizona,7151502,0.06932414280420039,52000,4.38,0,0.64
2022-05-01,Illinois,12812508,0.060957435914038266,58000,4.48,1,0.57
2022-05-01,Pennsylvania,13002700,0.052590729023876154,54000,4.58,0,0.5
2022-05-01,Ohio,11799448,0.04063829060935885,48000,4.38,0,0.44
2022-05-01,Georgia,10711908,0.04900499749952097,49000,4.28,0,0.47
2022-05-01,North Carolina,10439388,0.05617646054823135,51000,4.18,0,0.52
2022-05-01,Michigan,10077331,0.04541926597516577,47000,4.48,1,0.4
2022-05-01,New Jersey,9288994,0.07649560585291078,65000,4.68,1,0.7
2022-05-01,Virginia,8631393,0.05378597286532789,53000,4.38,0,0.48
2022-05-01,Massachusetts,7029917,0.08486231274307288,70000,4.98,1,0.74
2022-06-01,California,39538223,0.10283431245191914,75000,4.85,1,0.92
2022-06-01,New York,20201249,0.07500855731787043,68000,4.65,1,0.78
2022-06-01,Texas,29145505,0.058071141149319036,55000,3.95,0,0.65
2022-06-01,Florida,21538187,0.05081224850565416,48000,4.15,0,0.58
2022-06-01,Washington,7705280,0.09436560436764344,72000,4.75,1,0.85
2022-06-01,Arizona,7151502,0.06291040291176228,52000,4.25,0,0.62
2022-06-01,Illinois,12812508,0.05444169482748659,58000,4.35,1,0.55
2022-06-01,Pennsylvania,13002700,0.0459729867432109,54000,4.45,0,0.48
2022-06-01,Ohio,11799448,0.03387483233710277,48000,4.25,0,0.42
2022-06-01,Georgia,10711908,0.042343540421378466,49000,4.15,0,0.45
2022-06-01,North Carolina,10439388,0.04960243306504335,51000,4.05,0,0.5
2022-06-01,Michigan,10077331,0.03871409409954602,47000,4.35,1,0.38
2022-06-01,New Jersey,9288994,0.07016929555542717,65000,4.55,1,0.68
2022-06-01,Virginia,8631393,0.04718280218382172,53000,4.25,0,0.46
2022-06-01,Massachusetts,7029917,0.07863800363970286,70000,4.85,1,0.72
2022-06-01,California,39538223,0.10646375877375155,75000,4.92,1,0.93
2022-06-01,New York,20201249,0.07863800363970286,68000,4.68,1,0.79
2022-06-01,Texas,29145505,0.06170058747115147,55000,3.98,0,0.66
2022-06-01,Florida,21538187,0.05444169482748659,48000,4.22,0,0.59
2022-06-01,Washington,7705280,0.0992048661300867,72000,4.82,1,0.86
2022-06-01,Arizona,7151502,0.06653984923359473,52000,4.32,0,0.63
2022-06-01,Illinois,12812508,0.058071141149319036,58000,4.42,1,0.56
2022-06-01,Pennsylvania,13002700,0.04960243306504335,54000,4.52,0,0.49
2022-06-01,Ohio,11799448,0.037504278658935214,48000,4.32,0,0.43
2022-06-01,Georgia,10711908,0.0459729867432109,49000,4.22,0,0.46
2022-06-01,North Carolina,10439388,0.05323187938687578,51000,4.12,0,0.51
2022-06-01,Michigan,10077331,0.042343540421378466,47000,4.42,1,0.39
2022-06-01,New Jersey,9288994,0.07379874187725961,65000,4.62,1,0.69
2022-06-01,Virginia,8631393,0.05081224850565416,53000,4.32,0,0.47
2022-06-01,Massachusetts,7029917,0.0822674499615353,70000,4.92,1,0.73
2022-06-01,California,39538223,0.11130302053619481,75000,4.98,1,0.94
2022-06-01,New York,20201249,0.0822674499615353,68000,4.75,1,0.8
2022-06-01,Texas,29145505,0.06533003379298391,55000,4.05,0,0.67
2022-06-01,Florida,21538187,0.058071141149319036,48000,4.28,0,0.6
2022-06-01,Washington,7705280,0.10404412789252993,72000,4.88,1,0.87
2022-06-01,Arizona,7151502,0.07016929555542717,52000,4.38,0,0.64
2022-06-01,Illinois,12812508,0.06170058747115147,58000,4.48,1,0.57
2022-06-01,Pennsylvania,13002700,0.05323187938687578,54000,4.58,0,0.5
2022-06-01,Ohio,11799448,0.04113372498076765,48000,4.38,0,0.44
2022-06-01,Georgia,10711908,0.04960243306504335,49000,4.28,0,0.47
2022-06-01,North Carolina,10439388,0.05686132570870822,51000,4.18,0,0.52
2022-06-01,Michigan,10077331,0.0459729867432109,47000,4.48,1,0.4
2022-06-01,New Jersey,9288994,0.07742818819909204,65000,4.68,1,0.7
2022-06-01,Virginia,8631393,0.05444169482748659,53000,4.38,0,0.48
2022-06-01,Massachusetts,7029917,0.08589689628336773,70000,4.98,1,0.74
2022-07-01,California,39538223,0.10903554102643354,75000,4.85,1,0.92
2022-07-01,New York,20201249,0.07953180639575151,68000,4.65,1,0.78
2022-07-01,Texas,29145505,0.061573011403162466,55000,3.95,0,0.65
2022-07-01,Florida,21538187,0.05387638497776716,48000,4.15,0,0.58
2022-07-01,Washington,7705280,0.100056143530139,72000,4.75,1,0.85
2022-07-01,Arizona,7151502,0.06670409568675933,52000,4.25,0,0.62
2022-07-01,Illinois,12812508,0.0577246981904648,58000,4.35,1,0.55
2022-07-01,Pennsylvania,13002700,0.04874530069417028,54000,4.45,0,0.48
2022-07-01,Ohio,11799448,0.035917589985178106,48000,4.25,0,0.42
2022-07-01,Georgia,10711908,0.04489698748147263,49000,4.15,0,0.45
2022-07-01,North Carolina,10439388,0.05259361390686794,51000,4.05,0,0.5
2022-07-01,Michigan,10077331,0.041048674268774975,47000,4.35,1,0.38
2022-07-01,New Jersey,9288994,0.07440072211215465,65000,4.55,1,0.68
2022-07-01,Virginia,8631393,0.0500280717650695,53000,4.25,0,0.46
2022-07-01,Massachusetts,7029917,0.08338011960844917,70000,4.85,1,0.72
2022-07-01,California,39538223,0.11288385423913117,75000,4.92,1,0.93
2022-07-01,New York,20201249,0.08338011960844917,68000,4.68,1,0.79
2022-07-01,Texas,29145505,0.06542132461586012,55000,3.98,0,0.66
2022-07-01,Florida,21538187,0.0577246981904648,48000,4.22,0,0.59
2022-07-01,Washington,7705280,0.10518722781373588,72000,4.82,1,0.86
2022-07-01,Arizona,7151502,0.07055240889945699,52000,4.32,0,0.63
2022-07-01,Illinois,12812508,0.061573011403162466,58000,4.42,1,0.56
2022-07-01,Pennsylvania,13002700,0.05259361390686794,54000,4.52,0,0.49
2022-07-01,Ohio,11799448,0.039765903197875756,48000,4.32,0,0.43
2022-07-01,Georgia,10711908,0.04874530069417028,49000,4.22,0,0.46
2022-07-01,North Carolina,10439388,0.05644192711956558,51000,4.12,0,0.51
2022-07-01,Michigan,10077331,0.04489698748147263,47000,4.42,1,0.39
2022-07-01,New Jersey,9288994,0.07824903532485229,65000,4.62,1,0.69
2022-07-01,Virginia,8631393,0.05387638497776716,53000,4.32,0,0.47
2022-07-01,Massachusetts,7029917,0.08722843282114683,70000,4.92,1,0.73
2022-07-01,California,39538223,0.11801493852272804,75000,4.98,1,0.94
2022-07-01,New York,20201249,0.08722843282114683,68000,4.75,1,0.8
2022-07-01,Texas,29145505,0.06926963782855777,55000,4.05,0,0.67
2022-07-01,Florida,21538187,0.061573011403162466,48000,4.28,0,0.6
2022-07-01,Washington,7705280,0.11031831209733273,72000,4.88,1,0.87
2022-07-01,Arizona,7151502,0.07440072211215465,52000,4.38,0,0.64
2022-07-01,Illinois,12812508,0.06542132461586012,58000,4.48,1,0.57
2022-07-01,Pennsylvania,13002700,0.05644192711956558,54000,4.58,0,0.5
2022-07-01,Ohio,11799448,0.04361421641057341,48000,4.38,0,0.44
2022-07-01,Georgia,10711908,0.05259361390686794,49000,4.28,0,0.47
2022-07-01,North Carolina,10439388,0.06029024033226325,51000,4.18,0,0.52
2022-07-01,Michigan,10077331,0.04874530069417028,47000,4.48,1,0.4
2022-07-01,New Jersey,9288994,0.08209734853754995,65000,4.68,1,0.7
2022-07-01,Virginia,8631393,0.0577246981904648,53000,4.38,0,0.48
2022-07-01,Massachusetts,7029917,0.09107674603384447,70000,4.98,1,0.74
2022-08-01,California,39538223,0.11587436371183028,75000,4.85,1,0.92
2022-08-01,New York,20201249,0.08452012411921737,68000,4.65,1,0.78
2022-08-01,Texas,29145505,0.06543493480197474,55000,3.95,0,0.65
2022-08-01,Florida,21538187,0.057255567951727905,48000,4.15,0,0.58
2022-08-01,Washington,7705280,0.10633176905320896,72000,4.75,1,0.85
2022-08-01,Arizona,7151502,0.07088784603547263,52000,4.25,0,0.62
2022-08-01,Illinois,12812508,0.06134525137685132,58000,4.35,1,0.55
2022-08-01,Pennsylvania,13002700,0.05180265671823,54000,4.45,0,0.48
2022-08-01,Ohio,11799448,0.03817037863448527,48000,4.25,0,0.42
2022-08-01,Georgia,10711908,0.047712973293106586,49000,4.15,0,0.45
2022-08-01,North Carolina,10439388,0.055892340143353425,51000,4.05,0,0.5
2022-08-01,Michigan,10077331,0.04362328986798316,47000,4.35,1,0.38
2022-08-01,New Jersey,9288994,0.07906721288571948,65000,4.55,1,0.68
2022-08-01,Virginia,8631393,0.05316588452660448,53000,4.25,0,0.46
2022-08-01,Massachusetts,7029917,0.0886098075443408,70000,4.85,1,0.72
2022-08-01,California,39538223,0.11996404713695369,75000,4.92,1,0.93
2022-08-01,New York,20201249,0.0886098075443408,68000,4.68,1,0.79
2022-08-01,Texas,29145505,0.06952461822709816,55000,3.98,0,0.66
2022-08-01,Florida,21538187,0.06134525137685132,48000,4.22,0,0.59
2022-08-01,Washington,7705280,0.11178468028670685,72000,4.82,1,0.86
2022-08-01,Arizona,7151502,0.07497752946059606,52000,4.32,0,0.63
2022-08-01,Illinois,12812508,0.06543493480197474,58000,4.42,1,0.56
2022-08-01,Pennsylvania,13002700,0.055892340143353425,54000,4.52,0,0.49
2022-08-01,Ohio,11799448,0.04226006205960869,48000,4.32,0,0.43
2022-08-01,Georgia,10711908,0.05180265671823,49000,4.22,0,0.46
2022-08-01,North Carolina,10439388,0.059982023568476844,51000,4.12,0,0.51
2022-08-01,Michigan,10077331,0.047712973293106586,47000,4.42,1,0.39
2022-08-01,New Jersey,9288994,0.0831568963108429,65000,4.62,1,0.69
2022-08-01,Virginia,8631393,0.057255567951727905,53000,4.32,0,0.47
2022-08-01,Massachusetts,7029917,0.09269949096946423,70000,4.92,1,0.73
2022-08-01,California,39538223,0.12541695837045158,75000,4.98,1,0.94
2022-08-01,New York,20201249,0.09269949096946423,68000,4.75,1,0.8
2022-08-01,Texas,29145505,0.07361430165222159,55000,4.05,0,0.67
2022-08-01,Florida,21538187,0.06543493480197474,48000,4.28,0,0.6
2022-08-01,Washington,7705280,0.11723759152020473,72000,4.88,1,0.87
2022-08-01,Arizona,7151502,0.07906721288571948,52000,4.38,0,0.64
2022-08-01,Illinois,12812508,0.06952461822709816,58000,4.48,1,0.57
2022-08-01,Pennsylvania,13002700,0.059982023568476844,54000,4.58,0,0.5
2022-08-01,Ohio,11799448,0.04634974548473211,48000,4.38,0,0.44
2022-08-01,Georgia,10711908,0.055892340143353425,49000,4.28,0,0.47
2022-08-01,North Carolina,10439388,0.06407170699360026,51000,4.18,0,0.52
2022-08-01,Michigan,10077331,0.05180265671823,47000,4.48,1,0.4
2022-08-01,New Jersey,9288994,0.08724657973596632,65000,4.68,1,0.7
2022-08-01,Virginia,8631393,0.06134525137685132,53000,4.38,0,0.48
2022-08-01,Massachusetts,7029917,0.09678917439458763,70000,4.98,1,0.74
2022-09-01,California,39538223,0.1193395862830067,75000,4.85,1,0.92
2022-09-01,New York,20201249,0.08704769822995782,68000,4.65,1,0.78
2022-09-01,Texas,29145505,0.06739176637158024,55000,3.95,0,0.65
2022-09-01,Florida,21538187,0.05896779557513272,48000,4.15,0,0.58
2022-09-01,Washington,7705280,0.10951162035381791,72000,4.75,1,0.85
2022-09-01,Arizona,7151502,0.07300774690254527,52000,4.25,0,0.62
2022-09-01,Illinois,12812508,0.06317978097335648,58000,4.35,1,0.55
2022-09-01,Pennsylvania,13002700,0.053351815044167694,54000,4.45,0,0.48
2022-09-01,Ohio,11799448,0.039311863716755144,48000,4.25,0,0.42
2022-09-01,Georgia,10711908,0.04913982964594394,49000,4.15,0,0.45
2022-09-01,North Carolina,10439388,0.05756380044239147,51000,4.05,0,0.5
2022-09-01,Michigan,10077331,0.044927844247720165,47000,4.35,1,0.38
2022-09-01,New Jersey,9288994,0.08143171769899281,65000,4.55,1,0.68
2022-09-01,Virginia,8631393,0.054755810176908955,53000,4.25,0,0.46
2022-09-01,Massachusetts,7029917,0.0912596836281816,70000,4.85,1,0.72
2022-09-01,California,39538223,0.12355157168123045,75000,4.92,1,0.93
2022-09-01,New York,20201249,0.0912596836281816,68000,4.68,1,0.79
2022-09-01,Texas,29145505,0.071603751769804,55000,3.98,0,0.66
2022-09-01,Florida,21538187,0.06317978097335648,48000,4.22,0,0.59
2022-09-01,Washington,7705280,0.11512760088478294,72000,4.82,1,0.86
2022-09-01,Arizona,7151502,0.07721973230076903,52000,4.32,0,0.63
2022-09-01,Illinois,12812508,0.06739176637158024,58000,4.42,1,0.56
2022-09-01,Pennsylvania,13002700,0.05756380044239147,54000,4.52,0,0.49
2022-09-01,Ohio,11799448,0.04352384911497891,48000,4.32,0,0.43
2022-09-01,Georgia,10711908,0.053351815044167694,49000,4.22,0,0.46
2022-09-01,North Carolina,10439388,0.06177578584061522,51000,4.12,0,0.51
2022-09-01,Michigan,10077331,0.04913982964594394,47000,4.42,1,0.39
2022-09-01,New Jersey,9288994,0.08564370309721657,65000,4.62,1,0.69
2022-09-01,Virginia,8631393,0.05896779557513272,53000,4.32,0,0.47
2022-09-01,Massachusetts,7029917,0.09547166902640536,70000,4.92,1,0.73
2022-09-01,California,39538223,0.12916755221219547,75000,4.98,1,0.94
2022-09-01,New York,20201249,0.09547166902640536,68000,4.75,1,0.8
2022-09-01,Texas,29145505,0.07581573716802778,55000,4.05,0,0.67
2022-09-01,Florida,21538187,0.06739176637158024,48000,4.28,0,0.6
2022-09-01,Washington,7705280,0.12074358141574794,72000,4.88,1,0.87
2022-09-01,Arizona,7151502,0.08143171769899281,52000,4.38,0,0.64
2022-09-01,Illinois,12812508,0.071603751769804,58000,4.48,1,0.57
2022-09-01,Pennsylvania,13002700,0.06177578584061522,54000,4.58,0,0.5
2022-09-01,Ohio,11799448,0.04773583451320268,48000,4.38,0,0.44
2022-09-01,Georgia,10711908,0.05756380044239147,49000,4.28,0,0.47
2022-09-01,North Carolina,10439388,0.06598777123883899,51000,4.18,0,0.52
2022-09-01,Michigan,10077331,0.053351815044167694,47000,4.48,1,0.4
2022-09-01,New Jersey,9288994,0.08985568849544033,65000,4.68,1,0.7
2022-09-01,Virginia,8631393,0.06317978097335648,53000,4.38,0,0.48
2022-09-01,Massachusetts,7029917,0.0996836544246291,70000,4.98,1,0.74
2022-10-01,California,39538223,0.12238818961428494,75000,4.85,1,0.92
2022-10-01,New York,20201249,0.08927138536571372,68000,4.65,1,0.78
2022-10-01,Texas,29145505,0.06911333060571384,55000,3.95,0,0.65
2022-10-01,Florida,21538187,0.06047416427999962,48000,4.15,0,0.58
2022-10-01,Washington,7705280,0.112309162234285,72000,4.75,1,0.85
2022-10-01,Arizona,7151502,0.07487277482285666,52000,4.25,0,0.62
2022-10-01,Illinois,12812508,0.06479374744285672,58000,4.35,1,0.55
2022-10-01,Pennsylvania,13002700,0.05471472006285679,54000,4.45,0,0.48
2022-10-01,Ohio,11799448,0.04031610951999974,48000,4.25,0,0.42
2022-10-01,Georgia,10711908,0.050395136899999686,49000,4.15,0,0.45
2022-10-01,North Carolina,10439388,0.05903430322571391,51000,4.05,0,0.5
2022-10-01,Michigan,10077331,0.04607555373714257,47000,4.35,1,0.38
2022-10-01,New Jersey,9288994,0.0835119411485709,65000,4.55,1,0.68
2022-10-01,Virginia,8631393,0.0561545811171425,53000,4.25,0,0.46
2022-10-01,Massachusetts,7029917,0.09359096852857084,70000,4.85,1,0.72
2022-10-01,California,39538223,0.12670777277714204,75000,4.92,1,0.93
2022-10-01,New York,20201249,0.09359096852857084,68000,4.68,1,0.79
2022-10-01,Texas,29145505,0.07343291376857096,55000,3.98,0,0.66
2022-10-01,Florida,21538187,0.06479374744285672,48000,4.22,0,0.59
2022-10-01,Washington,7705280,0.11806860645142782,72000,4.82,1,0.86
2022-10-01,Arizona,7151502,0.07919235798571378,52000,4.32,0,0.63
2022-10-01,Illinois,12812508,0.06911333060571384,58000,4.42,1,0.56
2022-10-01,Pennsylvania,13002700,0.05903430322571391,54000,4.52,0,0.49
2022-10-01,Ohio,11799448,0.04463569268285686,48000,4.32,0,0.43
2022-10-01,Georgia,10711908,0.05471472006285679,49000,4.22,0,0.46
2022-10-01,North Carolina,10439388,0.06335388638857102,51000,4.12,0,0.51
2022-10-01,Michigan,10077331,0.050395136899999686,47000,4.42,1,0.39
2022-10-01,New Jersey,9288994,0.087831524311428,65000,4.62,1,0.69
2022-10-01,Virginia,8631393,0.06047416427999962,53000,4.32,0,0.47
2022-10-01,Massachusetts,7029917,0.09791055169142796,70000,4.92,1,0.73
2022-10-01,California,39538223,0.13246721699428488,75000,4.98,1,0.94
2022-10-01,New York,20201249,0.09791055169142796,68000,4.75,1,0.8
2022-10-01,Texas,29145505,0.07775249693142808,55000,4.05,0,0.67
2022-10-01,Florida,21538187,0.06911333060571384,48000,4.28,0,0.6
2022-10-01,Washington,7705280,0.12382805066857062,72000,4.88,1,0.87
2022-10-01,Arizona,7151502,0.0835119411485709,52000,4.38,0,0.64
2022-10-01,Illinois,12812508,0.07343291376857096,58000,4.48,1,0.57
2022-10-01,Pennsylvania,13002700,0.06335388638857102,54000,4.58,0,0.5
2022-10-01,Ohio,11799448,0.04895527584571398,48000,4.38,0,0.44
2022-10-01,Georgia,10711908,0.05903430322571391,49000,4.28,0,0.47
2022-10-01,North Carolina,10439388,0.06767346955142814,51000,4.18,0,0.52
2022-10-01,Michigan,10077331,0.05471472006285679,47000,4.48,1,0.4
2022-10-01,New Jersey,9288994,0.09215110747428513,65000,4.68,1,0.7
2022-10-01,Virginia,8631393,0.06479374744285672,53000,4.38,0,0.48
2022-10-01,Massachusetts,7029917,0.10223013485428506,70000,4.98,1,0.74
2022-11-01,California,39538223,0.12828225276993643,75000,4.85,1,0.92
2022-11-01,New York,20201249,0.0935705843733654,68000,4.65,1,0.78
2022-11-01,Texas,29145505,0.07244174274066999,55000,3.95,0,0.65
2022-11-01,Florida,21538187,0.06338652489808624,48000,4.15,0,0.58
2022-11-01,Washington,7705280,0.11771783195358873,72000,4.75,1,0.85
2022-11-01,Arizona,7151502,0.07847855463572581,52000,4.25,0,0.62
2022-11-01,Illinois,12812508,0.06791413381937811,58000,4.35,1,0.55
2022-11-01,Pennsylvania,13002700,0.057349713003030406,54000,4.45,0,0.48
2022-11-01,Ohio,11799448,0.042257683265390825,48000,4.25,0,0.42
2022-11-01,Georgia,10711908,0.052822104081738534,49000,4.15,0,0.45
2022-11-01,North Carolina,10439388,0.061877321924322284,51000,4.05,0,0.5
2022-11-01,Michigan,10077331,0.048294495160446656,47000,4.35,1,0.38
2022-11-01,New Jersey,9288994,0.08753377247830957,65000,4.55,1,0.68
2022-11-01,Virginia,8631393,0.058858915976794365,53000,4.25,0,0.46
2022-11-01,Massachusetts,7029917,0.09809819329465727,70000,4.85,1,0.72
2022-11-01,California,39538223,0.1328098616912283,75000,4.92,1,0.93
2022-11-01,New York,20201249,0.09809819329465727,68000,4.68,1,0.79
2022-11-01,Texas,29145505,0.07696935166196185,55000,3.98,0,0.66
2022-11-01,Florida,21538187,0.06791413381937811,48000,4.22,0,0.59
2022-11-01,Washington,7705280,0.12375464384864457,72000,4.82,1,0.86
2022-11-01,Arizona,7151502,0.08300616355701769,52000,4.32,0,0.63
2022-11-01,Illinois,12812508,0.07244174274066999,58000,4.42,1,0.56
2022-11-01,Pennsylvania,13002700,0.061877321924322284,54000,4.52,0,0.49
2022-11-01,Ohio,11799448,0.0467852921866827,48000,4.32,0,0.43
2022-11-01,Georgia,10711908,0.057349713003030406,49000,4.22,0,0.46
2022-11-01,North Carolina,10439388,0.06640493084561415,51000,4.12,0,0.51
2022-11-01,Michigan,10077331,0.052822104081738534,47000,4.42,1,0.39
2022-11-01,New Jersey,9288994,0.09206138139960145,65000,4.62,1,0.69
2022-11-01,Virginia,8631393,0.06338652489808624,53000,4.32,0,0.47
2022-11-01,Massachusetts,7029917,0.10262580221594915,70000,4.92,1,0.73
2022-11-01,California,39538223,0.13884667358628414,75000,4.98,1,0.94
2022-11-01,New York,20201249,0.10262580221594915,68000,4.75,1,0.8
2022-11-01,Texas,29145505,0.08149696058325373,55000,4.05,0,0.67
2022-11-01,Florida,21538187,0.07244174274066999,48000,4.28,0,0.6
2022-11-01,Washington,7705280,0.12979145574370038,72000,4.88,1,0.87
2022-11-01,Arizona,7151502,0.08753377247830957,52000,4.38,0,0.64
2022-11-01,Illinois,12812508,0.07696935166196185,58000,4.48,1,0.57
2022-11-01,Pennsylvania,13002700,0.06640493084561415,54000,4.58,0,0.5
2022-11-01,Ohio,11799448,0.051312901107974575,48000,4.38,0,0.44
2022-11-01,Georgia,10711908,0.061877321924322284,49000,4.28,0,0.47
2022-11-01,North Carolina,10439388,0.07093253976690603,51000,4.18,0,0.52
2022-11-01,Michigan,10077331,0.057349713003030406,47000,4.48,1,0.4
2022-11-01,New Jersey,9288994,0.09658899032089331,65000,4.68,1,0.7
2022-11-01,Virginia,8631393,0.06791413381937811,53000,4.38,0,0.48
2022-11-01,Massachusetts,7029917,0.10715341113724101,70000,4.98,1,0.74
2022-12-01,California,39538223,0.13294983209070305,75000,4.85,1,0.92
2022-12-01,New York,20201249,0.09697517164263045,68000,4.65,1,0.78
2022-12-01,Texas,29145505,0.07507755223945582,55000,3.95,0,0.65
2022-12-01,Florida,21538187,0.06569285820952385,48000,4.15,0,0.58
2022-12-01,Washington,7705280,0.12200102238911571,72000,4.75,1,0.85
2022-12-01,Arizona,7151502,0.08133401492607714,52000,4.25,0,0.62
2022-12-01,Illinois,12812508,0.07038520522448984,58000,4.35,1,0.55
2022-12-01,Pennsylvania,13002700,0.05943639552290253,54000,4.45,0,0.48
2022-12-01,Ohio,11799448,0.04379523880634923,48000,4.25,0,0.42
2022-12-01,Georgia,10711908,0.054744048507936544,49000,4.15,0,0.45
2022-12-01,North Carolina,10439388,0.06412874253786852,51000,4.05,0,0.5
2022-12-01,Michigan,10077331,0.05005170149297055,47000,4.35,1,0.38
2022-12-01,New Jersey,9288994,0.09071870895600913,65000,4.55,1,0.68
2022-12-01,Virginia,8631393,0.061000511194557856,53000,4.25,0,0.46
2022-12-01,Massachusetts,7029917,0.10166751865759643,70000,4.85,1,0.72
2022-12-01,California,39538223,0.137642179105669,75000,4.92,1,0.93
2022-12-01,New York,20201249,0.10166751865759643,68000,4.68,1,0.79
2022-12-01,Texas,29145505,0.07976989925442181,55000,3.98,0,0.66
2022-12-01,Florida,21538187,0.07038520522448984,48000,4.22,0,0.59
2022-12-01,Washington,7705280,0.12825748507573703,72000,4.82,1,0.86
2022-12-01,Arizona,7151502,0.08602636194104314,52000,4.32,0,0.63
2022-12-01,Illinois,12812508,0.07507755223945582,58000,4.42,1,0.56
2022-12-01,Pennsylvania,13002700,0.06412874253786852,54000,4.52,0,0.49
2022-12-01,Ohio,11799448,0.048487585821315224,48000,4.32,0,0.43
2022-12-01,Georgia,10711908,0.05943639552290253,49000,4.22,0,0.46
2022-12-01,North Carolina,10439388,0.0688210895528345,51000,4.12,0,0.51
2022-12-01,Michigan,10077331,0.054744048507936544,47000,4.42,1,0.39
2022-12-01,New Jersey,9288994,0.09541105597097511,65000,4.62,1,0.69
2022-12-01,Virginia,8631393,0.06569285820952385,53000,4.32,0,0.47
2022-12-01,Massachusetts,7029917,0.10635986567256243,70000,4.92,1,0.73
2022-12-01,California,39538223,0.14389864179229034,75000,4.98,1,0.94
2022-12-01,New York,20201249,0.10635986567256243,68000,4.75,1,0.8
2022-12-01,Texas,29145505,0.08446224626938781,55000,4.05,0,0.67
2022-12-01,Florida,21538187,0.07507755223945582,48000,4.28,0,0.6
2022-12-01,Washington,7705280,0.13451394776235834,72000,4.88,1,0.87
2022-12-01,Arizona,7151502,0.09071870895600913,52000,4.38,0,0.64
2022-12-01,Illinois,12812508,0.07976989925442181,58000,4.48,1,0.57
2022-12-01,Pennsylvania,13002700,0.0688210895528345,54000,4.58,0,0.5
2022-12-01,Ohio,11799448,0.05317993283628122,48000,4.38,0,0.44
2022-12-01,Georgia,10711908,0.06412874253786852,49000,4.28,0,0.47
2022-12-01,North Carolina,10439388,0.0735134365678005,51000,4.18,0,0.52
2022-12-01,Michigan,10077331,0.05943639552290253,47000,4.48,1,0.4
2022-12-01,New Jersey,9288994,0.1001034029859411,65000,4.68,1,0.7
2022-12-01,Virginia,8631393,0.07038520522448984,53000,4.38,0,0.48
2022-12-01,Massachusetts,7029917,0.1110522126875284,70000,4.98,1,0.74
2023-01-01,California,39538223,0.13544934875172537,75000,4.85,1,0.92
2023-01-01,New York,20201249,0.09879834850125849,68000,4.65,1,0.78
2023-01-01,Texas,29145505,0.07648904400097432,55000,3.95,0,0.65
2023-01-01,Florida,21538187,0.06692791350085253,48000,4.15,0,0.58
2023-01-01,Washington,7705280,0.12429469650158327,72000,4.75,1,0.85
2023-01-01,Arizona,7151502,0.08286313100105551,52000,4.25,0,0.62
2023-01-01,Illinois,12812508,0.07170847875091342,58000,4.35,1,0.55
2023-01-01,Pennsylvania,13002700,0.06055382650077133,54000,4.45,0,0.48
2023-01-01,Ohio,11799448,0.044618609000568354,48000,4.25,0,0.42
2023-01-01,Georgia,10711908,0.05577326125071044,49000,4.15,0,0.45
2023-01-01,North Carolina,10439388,0.06533439175083224,51000,4.05,0,0.5
2023-01-01,Michigan,10077331,0.05099269600064955,47000,4.35,1,0.38
2023-01-01,New Jersey,9288994,0.0924242615011773,65000,4.55,1,0.68
2023-01-01,Virginia,8631393,0.062147348250791636,53000,4.25,0,0.46
2023-01-01,Massachusetts,7029917,0.10357891375131939,70000,4.85,1,0.72
2023-01-01,California,39538223,0.14022991400178625,75000,4.92,1,0.93
2023-01-01,New York,20201249,0.10357891375131939,68000,4.68,1,0.79
2023-01-01,Texas,29145505,0.08126960925103521,55000,3.98,0,0.66
2023-01-01,Florida,21538187,0.07170847875091342,48000,4.22,0,0.59
2023-01-01,Washington,7705280,0.13066878350166447,72000,4.82,1,0.86
2023-01-01,Arizona,7151502,0.08764369625111641,52000,4.32,0,0.63
2023-01-01,Illinois,12812508,0.07648904400097432,58000,4.42,1,0.56
2023-01-01,Pennsylvania,13002700,0.06533439175083224,54000,4.52,0,0.49
2023-01-01,Ohio,11799448,0.049399174250629244,48000,4.32,0,0.43
2023-01-01,Georgia,10711908,0.06055382650077133,49000,4.22,0,0.46
2023-01-01,North Carolina,10439388,0.07011495700089312,51000,4.12,0,0.51
2023-01-01,Michigan,10077331,0.05577326125071044,47000,4.42,1,0.39
2023-01-01,New Jersey,9288994,0.09720482675123819,65000,4.62,1,0.69
2023-01-01,Virginia,8631393,0.06692791350085253,53000,4.32,0,0.47
2023-01-01,Massachusetts,7029917,0.1083594790013803,70000,4.92,1,0.73
2023-01-01,California,39538223,0.14660400100186743,75000,4.98,1,0.94
2023-01-01,New York,20201249,0.1083594790013803,68000,4.75,1,0.8
2023-01-01,Texas,29145505,0.0860501745010961,55000,4.05,0,0.67
2023-01-01,Florida,21538187,0.07648904400097432,48000,4.28,0,0.6
2023-01-01,Washington,7705280,0.13704287050174563,72000,4.88,1,0.87
2023-01-01,Arizona,7151502,0.0924242615011773,52000,4.38,0,0.64
2023-01-01,Illinois,12812508,0.08126960925103521,58000,4.48,1,0.57
2023-01-01,Pennsylvania,13002700,0.07011495700089312,54000,4.58,0,0.5
2023-01-01,Ohio,11799448,0.05417973950069015,48000,4.38,0,0.44
2023-01-01,Georgia,10711908,0.06533439175083224,49000,4.28,0,0.47
2023-01-01,North Carolina,10439388,0.07489552225095401,51000,4.18,0,0.52
2023-01-01,Michigan,10077331,0.06055382650077133,47000,4.48,1,0.4
2023-01-01,New Jersey,9288994,0.1019853920012991,65000,4.68,1,0.7
2023-01-01,Virginia,8631393,0.07170847875091342,53000,4.38,0,0.48
2023-01-01,Massachusetts,7029917,0.11314004425144117,70000,4.98,1,0.74
2023-02-01,California,39538223,0.13928551240360856,75000,4.85,1,0.92
2023-02-01,New York,20201249,0.10159649140027918,68000,4.65,1,0.78
2023-02-01,Texas,29145505,0.07865534818086131,55000,3.95,0,0.65
2023-02-01,Florida,21538187,0.06882342965825365,48000,4.15,0,0.58
2023-02-01,Washington,7705280,0.12781494079389963,72000,4.75,1,0.85
2023-02-01,Arizona,7151502,0.08520996052926641,52000,4.25,0,0.62
2023-02-01,Illinois,12812508,0.07373938891955747,58000,4.35,1,0.55
2023-02-01,Pennsylvania,13002700,0.06226881730984853,54000,4.45,0,0.48
2023-02-01,Ohio,11799448,0.04588228643883576,48000,4.25,0,0.42
2023-02-01,Georgia,10711908,0.05735285804854471,49000,4.15,0,0.45
2023-02-01,North Carolina,10439388,0.06718477657115236,51000,4.05,0,0.5
2023-02-01,Michigan,10077331,0.05243689878724087,47000,4.35,1,0.38
2023-02-01,New Jersey,9288994,0.09504187905187408,65000,4.55,1,0.68
2023-02-01,Virginia,8631393,0.06390747039694981,53000,4.25,0,0.46
2023-02-01,Massachusetts,7029917,0.10651245066158302,70000,4.85,1,0.72
2023-02-01,California,39538223,0.14420147166491237,75000,4.92,1,0.93
2023-02-01,New York,20201249,0.10651245066158302,68000,4.68,1,0.79
2023-02-01,Texas,29145505,0.08357130744216514,55000,3.98,0,0.66
2023-02-01,Florida,21538187,0.07373938891955747,48000,4.22,0,0.59
2023-02-01,Washington,7705280,0.13436955314230473,72000,4.82,1,0.86
2023-02-01,Arizona,7151502,0.09012591979057025,52000,4.32,0,0.63
2023-02-01,Illinois,12812508,0.07865534818086131,58000,4.42,1,0.56
2023-02-01,Pennsylvania,13002700,0.06718477657115236,54000,4.52,0,0.49
2023-02-01,Ohio,11799448,0.05079824570013959,48000,4.32,0,0.43
2023-02-01,Georgia,10711908,0.06226881730984853,49000,4.22,0,0.46
2023-02-01,North Carolina,10439388,0.07210073583245619,51000,4.12,0,0.51
2023-02-01,Michigan,10077331,0.05735285804854471,47000,4.42,1,0.39
2023-02-01,New Jersey,9288994,0.09995783831317791,65000,4.62,1,0.69
2023-02-01,Virginia,8631393,0.06882342965825365,53000,4.32,0,0.47
2023-02-01,Massachusetts,7029917,0.11142840992288686,70000,4.92,1,0.73
2023-02-01,California,39538223,0.1507560840133175,75000,4.98,1,0.94
2023-02-01,New York,20201249,0.11142840992288686,68000,4.75,1,0.8
2023-02-01,Texas,29145505,0.08848726670346897,55000,4.05,0,0.67
2023-02-01,Florida,21538187,0.07865534818086131,48000,4.28,0,0.6
2023-02-01,Washington,7705280,0.14092416549070982,72000,4.88,1,0.87
2023-02-01,Arizona,7151502,0.09504187905187408,52000,4.38,0,0.64
2023-02-01,Illinois,12812508,0.08357130744216514,58000,4.48,1,0.57
2023-02-01,Pennsylvania,13002700,0.07210073583245619,54000,4.58,0,0.5
2023-02-01,Ohio,11799448,0.05571420496144343,48000,4.38,0,0.44
2023-02-01,Georgia,10711908,0.06718477657115236,49000,4.28,0,0.47
2023-02-01,North Carolina,10439388,0.07701669509376002,51000,4.18,0,0.52
2023-02-01,Michigan,10077331,0.06226881730984853,47000,4.48,1,0.4
2023-02-01,New Jersey,9288994,0.10487379757448174,65000,4.68,1,0.7
2023-02-01,Virginia,8631393,0.07373938891955747,53000,4.38,0,0.48
2023-02-01,Massachusetts,7029917,0.11634436918419067,70000,4.98,1,0.74
2023-03-01,California,39538223,0.14528039022873512,75000,4.85,1,0.92
2023-03-01,New York,20201249,0.1059692258139009,68000,4.65,1,0.78
2023-03-01,Texas,29145505,0.08204069095269748,55000,3.95,0,0.65
2023-03-01,Florida,21538187,0.07178560458361029,48000,4.15,0,0.58
2023-03-01,Washington,7705280,0.1333161227981334,72000,4.75,1,0.85
2023-03-01,Arizona,7151502,0.08887741519875558,52000,4.25,0,0.62
2023-03-01,Illinois,12812508,0.07691314776815387,58000,4.35,1,0.55
2023-03-01,Pennsylvania,13002700,0.06494888033755217,54000,4.45,0,0.48
2023-03-01,Ohio,11799448,0.04785706972240686,48000,4.25,0,0.42
2023-03-01,Georgia,10711908,0.05982133715300858,49000,4.15,0,0.45
2023-03-01,North Carolina,10439388,0.07007642352209575,51000,4.05,0,0.5
2023-03-01,Michigan,10077331,0.05469379396846498,47000,4.35,1,0.38
2023-03-01,New Jersey,9288994,0.09913250156784278,65000,4.55,1,0.68
2023-03-01,Virginia,8631393,0.0666580613990667,53000,4.25,0,0.46
2023-03-01,Massachusetts,7029917,0.11109676899844449,70000,4.85,1,0.72
2023-03-01,California,39538223,0.15040793341327868,75000,4.92,1,0.93
2023-03-01,New York,20201249,0.11109676899844449,68000,4.68,1,0.79
2023-03-01,Texas,29145505,0.08716823413724106,55000,3.98,0,0.66
2023-03-01,Florida,21538187,0.07691314776815387,48000,4.22,0,0.59
2023-03-01,Washington,7705280,0.1401528470441915,72000,4.82,1,0.86
2023-03-01,Arizona,7151502,0.09400495838329918,52000,4.32,0,0.63
2023-03-01,Illinois,12812508,0.08204069095269748,58000,4.42,1,0.56
2023-03-01,Pennsylvania,13002700,0.07007642352209575,54000,4.52,0,0.49
2023-03-01,Ohio,11799448,0.05298461290695045,48000,4.32,0,0.43
2023-03-01,Georgia,10711908,0.06494888033755217,49000,4.22,0,0.46
2023-03-01,North Carolina,10439388,0.07520396670663934,51000,4.12,0,0.51
2023-03-01,Michigan,10077331,0.05982133715300858,47000,4.42,1,0.39
2023-03-01,New Jersey,9288994,0.10426004475238637,65000,4.62,1,0.69
2023-03-01,Virginia,8631393,0.07178560458361029,53000,4.32,0,0.47
2023-03-01,Massachusetts,7029917,0.1162243121829881,70000,4.92,1,0.73
2023-03-01,California,39538223,0.15724465765933682,75000,4.98,1,0.94
2023-03-01,New York,20201249,0.1162243121829881,68000,4.75,1,0.8
2023-03-01,Texas,29145505,0.09229577732178465,55000,4.05,0,0.67
2023-03-01,Florida,21538187,0.08204069095269748,48000,4.28,0,0.6
2023-03-01,Washington,7705280,0.14698957129024962,72000,4.88,1,0.87
2023-03-01,Arizona,7151502,0.09913250156784278,52000,4.38,0,0.64
2023-03-01,Illinois,12812508,0.08716823413724106,58000,4.48,1,0.57
2023-03-01,Pennsylvania,13002700,0.07520396670663934,54000,4.58,0,0.5
2023-03-01,Ohio,11799448,0.05811215609149405,48000,4.38,0,0.44
2023-03-01,Georgia,10711908,0.07007642352209575,49000,4.28,0,0.47
2023-03-01,North Carolina,10439388,0.08033150989118294,51000,4.18,0,0.52
2023-03-01,Michigan,10077331,0.06494888033755217,47000,4.48,1,0.4
2023-03-01,New Jersey,9288994,0.10938758793692996,65000,4.68,1,0.7
2023-03-01,Virginia,8631393,0.07691314776815387,53000,4.38,0,0.48
2023-03-01,Massachusetts,7029917,0.12135185536753167,70000,4.98,1,0.74
2023-04-01,California,39538223,0.14964558718165688,75000,4.85,1,0.92
2023-04-01,New York,20201249,0.1091532518266203,68000,4.65,1,0.78
2023-04-01,Texas,29145505,0.08450574334964153,55000,3.95,0,0.65
2023-04-01,Florida,21538187,0.07394252543093634,48000,4.15,0,0.58
2023-04-01,Washington,7705280,0.1373218329431675,72000,4.75,1,0.85
2023-04-01,Arizona,7151502,0.09154788862877832,52000,4.25,0,0.62
2023-04-01,Illinois,12812508,0.07922413439028893,58000,4.35,1,0.55
2023-04-01,Pennsylvania,13002700,0.06690038015179954,54000,4.45,0,0.48
2023-04-01,Ohio,11799448,0.04929501695395756,48000,4.25,0,0.42
2023-04-01,Georgia,10711908,0.06161877119244696,49000,4.15,0,0.45
2023-04-01,North Carolina,10439388,0.07218198911115215,51000,4.05,0,0.5
2023-04-01,Michigan,10077331,0.05633716223309435,47000,4.35,1,0.38
2023-04-01,New Jersey,9288994,0.10211110654748352,65000,4.55,1,0.68
2023-04-01,Virginia,8631393,0.06866091647158375,53000,4.25,0,0.46
2023-04-01,Massachusetts,7029917,0.11443486078597291,70000,4.85,1,0.72
2023-04-01,California,39538223,0.15492719614100947,75000,4.92,1,0.93
2023-04-01,New York,20201249,0.11443486078597291,68000,4.68,1,0.79
2023-04-01,Texas,29145505,0.08978735230899412,55000,3.98,0,0.66
2023-04-01,Florida,21538187,0.07922413439028893,48000,4.22,0,0.59
2023-04-01,Washington,7705280,0.1443639782223043,72000,4.82,1,0.86
2023-04-01,Arizona,7151502,0.09682949758813092,52000,4.32,0,0.63
2023-04-01,Illinois,12812508,0.08450574334964153,58000,4.42,1,0.56
2023-04-01,Pennsylvania,13002700,0.07218198911115215,54000,4.52,0,0.49
2023-04-01,Ohio,11799448,0.05457662591331015,48000,4.32,0,0.43
2023-04-01,Georgia,10711908,0.06690038015179954,49000,4.22,0,0.46
2023-04-01,North Carolina,10439388,0.07746359807050474,51000,4.12,0,0.51
2023-04-01,Michigan,10077331,0.06161877119244696,47000,4.42,1,0.39
2023-04-01,New Jersey,9288994,0.10739271550683611,65000,4.62,1,0.69
2023-04-01,Virginia,8631393,0.07394252543093634,53000,4.32,0,0.47
2023-04-01,Massachusetts,7029917,0.11971646974532552,70000,4.92,1,0.73
2023-04-01,California,39538223,0.16196934142014627,75000,4.98,1,0.94
2023-04-01,New York,20201249,0.11971646974532552,68000,4.75,1,0.8
2023-04-01,Texas,29145505,0.09506896126834673,55000,4.05,0,0.67
2023-04-01,Florida,21538187,0.08450574334964153,48000,4.28,0,0.6
2023-04-01,Washington,7705280,0.15140612350144106,72000,4.88,1,0.87
2023-04-01,Arizona,7151502,0.10211110654748352,52000,4.38,0,0.64
2023-04-01,Illinois,12812508,0.08978735230899412,58000,4.48,1,0.57
2023-04-01,Pennsylvania,13002700,0.07746359807050474,54000,4.58,0,0.5
2023-04-01,Ohio,11799448,0.05985823487266276,48000,4.38,0,0.44
2023-04-01,Georgia,10711908,0.07218198911115215,49000,4.28,0,0.47
2023-04-01,North Carolina,10439388,0.08274520702985733,51000,4.18,0,0.52
2023-04-01,Michigan,10077331,0.06690038015179954,47000,4.48,1,0.4
2023-04-01,New Jersey,9288994,0.1126743244661887,65000,4.68,1,0.7
2023-04-01,Virginia,8631393,0.07922413439028893,53000,4.38,0,0.48
2023-04-01,Massachusetts,7029917,0.12499807870467809,70000,4.98,1,0.74
2023-05-01,California,39538223,0.1520331246812317,75000,4.85,1,0.92
2023-05-01,New York,20201249,0.11089474976748663,68000,4.65,1,0.78
2023-05-01,Texas,29145505,0.08585399981998966,55000,3.95,0,0.65
2023-05-01,Florida,21538187,0.07512224984249095,48000,4.15,0,0.58
2023-05-01,Washington,7705280,0.13951274970748317,72000,4.75,1,0.85
2023-05-01,Arizona,7151502,0.09300849980498879,52000,4.25,0,0.62
2023-05-01,Illinois,12812508,0.08048812483124029,58000,4.35,1,0.55
2023-05-01,Pennsylvania,13002700,0.06796774985749181,54000,4.45,0,0.48
2023-05-01,Ohio,11799448,0.05008149989499396,48000,4.25,0,0.42
2023-05-01,Georgia,10711908,0.06260187486874245,49000,4.15,0,0.45
2023-05-01,North Carolina,10439388,0.07333362484624116,51000,4.05,0,0.5
2023-05-01,Michigan,10077331,0.0572359998799931,47000,4.35,1,0.38
2023-05-01,New Jersey,9288994,0.1037402497824875,65000,4.55,1,0.68
2023-05-01,Virginia,8631393,0.06975637485374159,53000,4.25,0,0.46
2023-05-01,Massachusetts,7029917,0.116260624756236,70000,4.85,1,0.72
2023-05-01,California,39538223,0.15739899966998103,75000,4.92,1,0.93
2023-05-01,New York,20201249,0.116260624756236,68000,4.68,1,0.79
2023-05-01,Texas,29145505,0.091219874808739,55000,3.98,0,0.66
2023-05-01,Florida,21538187,0.08048812483124029,48000,4.22,0,0.59
2023-05-01,Washington,7705280,0.14666724969248232,72000,4.82,1,0.86
2023-05-01,Arizona,7151502,0.09837437479373815,52000,4.32,0,0.63
2023-05-01,Illinois,12812508,0.08585399981998966,58000,4.42,1,0.56
2023-05-01,Pennsylvania,13002700,0.07333362484624116,54000,4.52,0,0.49
2023-05-01,Ohio,11799448,0.055447374883743315,48000,4.32,0,0.43
2023-05-01,Georgia,10711908,0.06796774985749181,49000,4.22,0,0.46
2023-05-01,North Carolina,10439388,0.07869949983499051,51000,4.12,0,0.51
2023-05-01,Michigan,10077331,0.06260187486874245,47000,4.42,1,0.39
2023-05-01,New Jersey,9288994,0.10910612477123685,65000,4.62,1,0.69
2023-05-01,Virginia,8631393,0.07512224984249095,53000,4.32,0,0.47
2023-05-01,Massachusetts,7029917,0.12162649974498535,70000,4.92,1,0.73
2023-05-01,California,39538223,0.16455349965498017,75000,4.98,1,0.94
2023-05-01,New York,20201249,0.12162649974498535,68000,4.75,1,0.8
2023-05-01,Texas,29145505,0.09658574979748835,55000,4.05,0,0.67
2023-05-01,Florida,21538187,0.08585399981998966,48000,4.28,0,0.6
2023-05-01,Washington,7705280,0.15382174967748144,72000,4.88,1,0.87
2023-05-01,Arizona,7151502,0.1037402497824875,52000,4.38,0,0.64
2023-05-01,Illinois,12812508,0.091219874808739,58000,4.48,1,0.57
2023-05-01,Pennsylvania,13002700,0.07869949983499051,54000,4.58,0,0.5
2023-05-01,Ohio,11799448,0.060813249872492675,48000,4.38,0,0.44
2023-05-01,Georgia,10711908,0.07333362484624116,49000,4.28,0,0.47
2023-05-01,North Carolina,10439388,0.08406537482373987,51000,4.18,0,0.52
2023-05-01,Michigan,10077331,0.06796774985749181,47000,4.48,1,0.4
2023-05-01,New Jersey,9288994,0.1144719997599862,65000,4.68,1,0.7
2023-05-01,Virginia,8631393,0.08048812483124029,53000,4.38,0,0.48
2023-05-01,Massachusetts,7029917,0.12699237473373468,70000,4.98,1,0.74
2023-06-01,California,39538223,0.15763977346464686,75000,4.85,1,0.92
2023-06-01,New York,20201249,0.11498430535068359,68000,4.65,1,0.78
2023-06-01,Texas,29145505,0.08902010736827116,55000,3.95,0,0.65
2023-06-01,Florida,21538187,0.07789259394723727,48000,4.15,0,0.58
2023-06-01,Washington,7705280,0.14465767447344063,72000,4.75,1,0.85
2023-06-01,Arizona,7151502,0.09643844964896042,52000,4.25,0,0.62
2023-06-01,Illinois,12812508,0.08345635065775421,58000,4.35,1,0.55
2023-06-01,Pennsylvania,13002700,0.070474251666548,54000,4.45,0,0.48
2023-06-01,Ohio,11799448,0.05192839596482485,48000,4.25,0,0.42
2023-06-01,Georgia,10711908,0.06491049495603106,49000,4.15,0,0.45
2023-06-01,North Carolina,10439388,0.07603800837706495,51000,4.05,0,0.5
2023-06-01,Michigan,10077331,0.05934673824551411,47000,4.35,1,0.38
2023-06-01,New Jersey,9288994,0.10756596306999433,65000,4.55,1,0.68
2023-06-01,Virginia,8631393,0.07232883723672032,53000,4.25,0,0.46
2023-06-01,Massachusetts,7029917,0.12054806206120054,70000,4.85,1,0.72
2023-06-01,California,39538223,0.16320353017516379,75000,4.92,1,0.93
2023-06-01,New York,20201249,0.12054806206120054,68000,4.68,1,0.79
2023-06-01,Texas,29145505,0.0945838640787881,55000,3.98,0,0.66
2023-06-01,Florida,21538187,0.08345635065775421,48000,4.22,0,0.59
2023-06-01,Washington,7705280,0.1520760167541299,72000,4.82,1,0.86
2023-06-01,Arizona,7151502,0.10200220635947738,52000,4.32,0,0.63
2023-06-01,Illinois,12812508,0.08902010736827116,58000,4.42,1,0.56
2023-06-01,Pennsylvania,13002700,0.07603800837706495,54000,4.52,0,0.49
2023-06-01,Ohio,11799448,0.057492152675341794,48000,4.32,0,0.43
2023-06-01,Georgia,10711908,0.070474251666548,49000,4.22,0,0.46
2023-06-01,North Carolina,10439388,0.08160176508758189,51000,4.12,0,0.51
2023-06-01,Michigan,10077331,0.06491049495603106,47000,4.42,1,0.39
2023-06-01,New Jersey,9288994,0.11312971978051127,65000,4.62,1,0.69
2023-06-01,Virginia,8631393,0.07789259394723727,53000,4.32,0,0.47
2023-06-01,Massachusetts,7029917,0.12611181877171748,70000,4.92,1,0.73
2023-06-01,California,39538223,0.17062187245585306,75000,4.98,1,0.94
2023-06-01,New York,20201249,0.12611181877171748,68000,4.75,1,0.8
2023-06-01,Texas,29145505,0.10014762078930506,55000,4.05,0,0.67
2023-06-01,Florida,21538187,0.08902010736827116,48000,4.28,0,0.6
2023-06-01,Washington,7705280,0.15949435903481915,72000,4.88,1,0.87
2023-06-01,Arizona,7151502,0.10756596306999433,52000,4.38,0,0.64
2023-06-01,Illinois,12812508,0.0945838640787881,58000,4.48,1,0.57
2023-06-01,Pennsylvania,13002700,0.08160176508758189,54000,4.58,0,0.5
2023-06-01,Ohio,11799448,0.06305590938585874,48000,4.38,0,0.44
2023-06-01,Georgia,10711908,0.07603800837706495,49000,4.28,0,0.47
2023-06-01,North Carolina,10439388,0.08716552179809885,51000,4.18,0,0.52
2023-06-01,Michigan,10077331,0.070474251666548,47000,4.48,1,0.4
2023-06-01,New Jersey,9288994,0.11869347649102822,65000,4.68,1,0.7
2023-06-01,Virginia,8631393,0.08345635065775421,53000,4.38,0,0.48
2023-06-01,Massachusetts,7029917,0.1316755754822344,70000,4.98,1,0.74
2023-07-01,California,39538223,0.16052068866205843,75000,4.85,1,0.92
2023-07-01,New York,20201249,0.11708567878879556,68000,4.65,1,0.78
2023-07-01,Texas,29145505,0.09064697712680946,55000,3.95,0,0.65
2023-07-01,Florida,21538187,0.07931610498595829,48000,4.15,0,0.58
2023-07-01,Washington,7705280,0.14730133783106536,72000,4.75,1,0.85
2023-07-01,Arizona,7151502,0.0982008918873769,52000,4.25,0,0.62
2023-07-01,Illinois,12812508,0.08498154105638386,58000,4.35,1,0.55
2023-07-01,Pennsylvania,13002700,0.07176219022539082,54000,4.45,0,0.48
2023-07-01,Ohio,11799448,0.052877403323972186,48000,4.25,0,0.42
2023-07-01,Georgia,10711908,0.06609675415496524,49000,4.15,0,0.45
2023-07-01,North Carolina,10439388,0.07742762629581641,51000,4.05,0,0.5
2023-07-01,Michigan,10077331,0.060431318084539644,47000,4.35,1,0.38
2023-07-01,New Jersey,9288994,0.1095317640282281,65000,4.55,1,0.68
2023-07-01,Virginia,8631393,0.07365066891553268,53000,4.25,0,0.46
2023-07-01,Massachusetts,7029917,0.12275111485922115,70000,4.85,1,0.72
2023-07-01,California,39538223,0.166186124732484,75000,4.92,1,0.93
2023-07-01,New York,20201249,0.12275111485922115,68000,4.68,1,0.79
2023-07-01,Texas,29145505,0.09631241319723505,55000,3.98,0,0.66
2023-07-01,Florida,21538187,0.08498154105638386,48000,4.22,0,0.59
2023-07-01,Washington,7705280,0.15485525259163282,72000,4.82,1,0.86
2023-07-01,Arizona,7151502,0.10386632795780251,52000,4.32,0,0.63
2023-07-01,Illinois,12812508,0.09064697712680946,58000,4.42,1,0.56
2023-07-01,Pennsylvania,13002700,0.07742762629581641,54000,4.52,0,0.49
2023-07-01,Ohio,11799448,0.05854283939439778,48000,4.32,0,0.43
2023-07-01,Georgia,10711908,0.07176219022539082,49000,4.22,0,0.46
2023-07-01,North Carolina,10439388,0.083093062366242,51000,4.12,0,0.51
2023-07-01,Michigan,10077331,0.06609675415496524,47000,4.42,1,0.39
2023-07-01,New Jersey,9288994,0.11519720009865368,65000,4.62,1,0.69
2023-07-01,Virginia,8631393,0.07931610498595829,53000,4.32,0,0.47
2023-07-01,Massachusetts,7029917,0.12841655092964674,70000,4.92,1,0.73
2023-07-01,California,39538223,0.17374003949305147,75000,4.98,1,0.94
2023-07-01,New York,20201249,0.12841655092964674,68000,4.75,1,0.8
2023-07-01,Texas,29145505,0.10197784926766064,55000,4.05,0,0.67
2023-07-01,Florida,21538187,0.09064697712680946,48000,4.28,0,0.6
2023-07-01,Washington,7705280,0.16240916735220026,72000,4.88,1,0.87
2023-07-01,Arizona,7151502,0.1095317640282281,52000,4.38,0,0.64
2023-07-01,Illinois,12812508,0.09631241319723505,58000,4.48,1,0.57
2023-07-01,Pennsylvania,13002700,0.083093062366242,54000,4.58,0,0.5
2023-07-01,Ohio,11799448,0.06420827546482337,48000,4.38,0,0.44
2023-07-01,Georgia,10711908,0.07742762629581641,49000,4.28,0,0.47
2023-07-01,North Carolina,10439388,0.0887584984366676,51000,4.18,0,0.52
2023-07-01,Michigan,10077331,0.07176219022539082,47000,4.48,1,0.4
2023-07-01,New Jersey,9288994,0.12086263616907929,65000,4.68,1,0.7
2023-07-01,Virginia,8631393,0.08498154105638386,53000,4.38,0,0.48
2023-07-01,Massachusetts,7029917,0.13408198700007232,70000,4.98,1,0.74
2023-08-01,California,39538223,0.16710920738160134,75000,4.85,1,0.92
2023-08-01,New York,20201249,0.12189142185481508,68000,4.65,1,0.78
2023-08-01,Texas,29145505,0.09436755240372781,55000,3.95,0,0.65
2023-08-01,Florida,21538187,0.08257160835326183,48000,4.15,0,0.58
2023-08-01,Washington,7705280,0.1533472726560577,72000,4.75,1,0.85
2023-08-01,Arizona,7151502,0.10223151510403845,52000,4.25,0,0.62
2023-08-01,Illinois,12812508,0.08846958037849481,58000,4.35,1,0.55
2023-08-01,Pennsylvania,13002700,0.07470764565295118,54000,4.45,0,0.48
2023-08-01,Ohio,11799448,0.055047738902174556,48000,4.25,0,0.42
2023-08-01,Georgia,10711908,0.0688096736277182,49000,4.15,0,0.45
2023-08-01,North Carolina,10439388,0.08060561767818417,51000,4.05,0,0.5
2023-08-01,Michigan,10077331,0.0629117016024852,47000,4.35,1,0.38
2023-08-01,New Jersey,9288994,0.11402745915450443,65000,4.55,1,0.68
2023-08-01,Virginia,8631393,0.07667363632802884,53000,4.25,0,0.46
2023-08-01,Massachusetts,7029917,0.12778939388004806,70000,4.85,1,0.72
2023-08-01,California,39538223,0.1730071794068343,75000,4.92,1,0.93
2023-08-01,New York,20201249,0.12778939388004806,68000,4.68,1,0.79
2023-08-01,Texas,29145505,0.10026552442896078,55000,3.98,0,0.66
2023-08-01,Florida,21538187,0.08846958037849481,48000,4.22,0,0.59
2023-08-01,Washington,7705280,0.16121123535636833,72000,4.82,1,0.86
2023-08-01,Arizona,7151502,0.10812948712927144,52000,4.32,0,0.63
2023-08-01,Illinois,12812508,0.09436755240372781,58000,4.42,1,0.56
2023-08-01,Pennsylvania,13002700,0.08060561767818417,54000,4.52,0,0.49
2023-08-01,Ohio,11799448,0.06094571092740754,48000,4.32,0,0.43
2023-08-01,Georgia,10711908,0.07470764565295118,49000,4.22,0,0.46
2023-08-01,North Carolina,10439388,0.08650358970341715,51000,4.12,0,0.51
2023-08-01,Michigan,10077331,0.0688096736277182,47000,4.42,1,0.39
2023-08-01,New Jersey,9288994,0.11992543117973742,65000,4.62,1,0.69
2023-08-01,Virginia,8631393,0.08257160835326183,53000,4.32,0,0.47
2023-08-01,Massachusetts,7029917,0.13368736590528107,70000,4.92,1,0.73
2023-08-01,California,39538223,0.18087114210714494,75000,4.98,1,0.94
2023-08-01,New York,20201249,0.13368736590528107,68000,4.75,1,0.8
2023-08-01,Texas,29145505,0.10616349645419378,55000,4.05,0,0.67
2023-08-01,Florida,21538187,0.09436755240372781,48000,4.28,0,0.6
2023-08-01,Washington,7705280,0.16907519805667898,72000,4.88,1,0.87
2023-08-01,Arizona,7151502,0.11402745915450443,52000,4.38,0,0.64
2023-08-01,Illinois,12812508,0.10026552442896078,58000,4.48,1,0.57
2023-08-01,Pennsylvania,13002700,0.08650358970341715,54000,4.58,0,0.5
2023-08-01,Ohio,11799448,0.06684368295264054,48000,4.38,0,0.44
2023-08-01,Georgia,10711908,0.08060561767818417,49000,4.28,0,0.47
2023-08-01,North Carolina,10439388,0.09240156172865015,51000,4.18,0,0.52
2023-08-01,Michigan,10077331,0.07470764565295118,47000,4.48,1,0.4
2023-08-01,New Jersey,9288994,0.1258234032049704,65000,4.68,1,0.7
2023-08-01,Virginia,8631393,0.08846958037849481,53000,4.38,0,0.48
2023-08-01,Massachusetts,7029917,0.13958533793051403,70000,4.98,1,0.74
2023-09-01,California,39538223,0.16818516742764172,75000,4.85,1,0.92
2023-09-01,New York,20201249,0.12267623977075043,68000,4.65,1,0.78
2023-09-01,Texas,29145505,0.09497515337090356,55000,3.95,0,0.65
2023-09-01,Florida,21538187,0.08310325919954062,48000,4.15,0,0.58
2023-09-01,Washington,7705280,0.15433462422771826,72000,4.75,1,0.85
2023-09-01,Arizona,7151502,0.10288974948514551,52000,4.25,0,0.62
2023-09-01,Illinois,12812508,0.08903920628522208,58000,4.35,1,0.55
2023-09-01,Pennsylvania,13002700,0.07518866308529865,54000,4.45,0,0.48
2023-09-01,Ohio,11799448,0.05540217279969374,48000,4.25,0,0.42
2023-09-01,Georgia,10711908,0.06925271599961719,49000,4.15,0,0.45
2023-09-01,North Carolina,10439388,0.08112461017098012,51000,4.05,0,0.5
2023-09-01,Michigan,10077331,0.0633167689139357,47000,4.35,1,0.38
2023-09-01,New Jersey,9288994,0.11476164365650847,65000,4.55,1,0.68
2023-09-01,Virginia,8631393,0.07716731211385913,53000,4.25,0,0.46
2023-09-01,Massachusetts,7029917,0.12861218685643191,70000,4.85,1,0.72
2023-09-01,California,39538223,0.17412111451332318,75000,4.92,1,0.93
2023-09-01,New York,20201249,0.12861218685643191,68000,4.68,1,0.79
2023-09-01,Texas,29145505,0.10091110045658502,55000,3.98,0,0.66
2023-09-01,Florida,21538187,0.08903920628522208,48000,4.22,0,0.59
2023-09-01,Washington,7705280,0.16224922034196024,72000,4.82,1,0.86
2023-09-01,Arizona,7151502,0.108825696570827,52000,4.32,0,0.63
2023-09-01,Illinois,12812508,0.09497515337090356,58000,4.42,1,0.56
2023-09-01,Pennsylvania,13002700,0.08112461017098012,54000,4.52,0,0.49
2023-09-01,Ohio,11799448,0.061338119885375214,48000,4.32,0,0.43
2023-09-01,Georgia,10711908,0.07518866308529865,49000,4.22,0,0.46
2023-09-01,North Carolina,10439388,0.08706055725666159,51000,4.12,0,0.51
2023-09-01,Michigan,10077331,0.06925271599961719,47000,4.42,1,0.39
2023-09-01,New Jersey,9288994,0.12069759074218993,65000,4.62,1,0.69
2023-09-01,Virginia,8631393,0.08310325919954062,53000,4.32,0,0.47
2023-09-01,Massachusetts,7029917,0.13454813394211337,70000,4.92,1,0.73
2023-09-01,California,39538223,0.18203571062756516,75000,4.98,1,0.94
2023-09-01,New York,20201249,0.13454813394211337,68000,4.75,1,0.8
2023-09-01,Texas,29145505,0.1068470475422665,55000,4.05,0,0.67
2023-09-01,Florida,21538187,0.09497515337090356,48000,4.28,0,0.6
2023-09-01,Washington,7705280,0.17016381645620218,72000,4.88,1,0.87
2023-09-01,Arizona,7151502,0.11476164365650847,52000,4.38,0,0.64
2023-09-01,Illinois,12812508,0.10091110045658502,58000,4.48,1,0.57
2023-09-01,Pennsylvania,13002700,0.08706055725666159,54000,4.58,0,0.5
2023-09-01,Ohio,11799448,0.06727406697105669,48000,4.38,0,0.44
2023-09-01,Georgia,10711908,0.08112461017098012,49000,4.28,0,0.47
2023-09-01,North Carolina,10439388,0.09299650434234306,51000,4.18,0,0.52
2023-09-01,Michigan,10077331,0.07518866308529865,47000,4.48,1,0.4
2023-09-01,New Jersey,9288994,0.1266335378278714,65000,4.68,1,0.7
2023-09-01,Virginia,8631393,0.08903920628522208,53000,4.38,0,0.48
2023-09-01,Massachusetts,7029917,0.14048408102779483,70000,4.98,1,0.74
2023-10-01,California,39538223,0.1731676998422759,75000,4.85,1,0.92
2023-10-01,New York,20201249,0.126310557532013,68000,4.65,1,0.78
2023-10-01,Texas,29145505,0.09778881873446169,55000,3.95,0,0.65
2023-10-01,Florida,21538187,0.08556521639265398,48000,4.15,0,0.58
2023-10-01,Washington,7705280,0.15890683044350024,72000,4.75,1,0.85
2023-10-01,Arizona,7151502,0.10593788696233349,52000,4.25,0,0.62
2023-10-01,Illinois,12812508,0.09167701756355782,58000,4.35,1,0.55
2023-10-01,Pennsylvania,13002700,0.07741614816478216,54000,4.45,0,0.48
2023-10-01,Ohio,11799448,0.05704347759510265,48000,4.25,0,0.42
2023-10-01,Georgia,10711908,0.07130434699387832,49000,4.15,0,0.45
2023-10-01,North Carolina,10439388,0.08352794933568602,51000,4.05,0,0.5
2023-10-01,Michigan,10077331,0.06519254582297446,47000,4.35,1,0.38
2023-10-01,New Jersey,9288994,0.1181614893041412,65000,4.55,1,0.68
2023-10-01,Virginia,8631393,0.07945341522175012,53000,4.25,0,0.46
2023-10-01,Massachusetts,7029917,0.13242235870291685,70000,4.85,1,0.72
2023-10-01,California,39538223,0.17927950101317974,75000,4.92,1,0.93
2023-10-01,New York,20201249,0.13242235870291685,68000,4.68,1,0.79
2023-10-01,Texas,29145505,0.10390061990536553,55000,3.98,0,0.66
2023-10-01,Florida,21538187,0.09167701756355782,48000,4.22,0,0.59
2023-10-01,Washington,7705280,0.16705589867137205,72000,4.82,1,0.86
2023-10-01,Arizona,7151502,0.11204968813323735,52000,4.32,0,0.63
2023-10-01,Illinois,12812508,0.09778881873446169,58000,4.42,1,0.56
2023-10-01,Pennsylvania,13002700,0.08352794933568602,54000,4.52,0,0.49
2023-10-01,Ohio,11799448,0.0631552787660065,48000,4.32,0,0.43
2023-10-01,Georgia,10711908,0.07741614816478216,49000,4.22,0,0.46
2023-10-01,North Carolina,10439388,0.08963975050658987,51000,4.12,0,0.51
2023-10-01,Michigan,10077331,0.07130434699387832,47000,4.42,1,0.39
2023-10-01,New Jersey,9288994,0.12427329047504505,65000,4.62,1,0.69
2023-10-01,Virginia,8631393,0.08556521639265398,53000,4.32,0,0.47
2023-10-01,Massachusetts,7029917,0.13853415987382073,70000,4.92,1,0.73
2023-10-01,California,39538223,0.18742856924105156,75000,4.98,1,0.94
2023-10-01,New York,20201249,0.13853415987382073,68000,4.75,1,0.8
2023-10-01,Texas,29145505,0.11001242107626939,55000,4.05,0,0.67
2023-10-01,Florida,21538187,0.09778881873446169,48000,4.28,0,0.6
2023-10-01,Washington,7705280,0.17520496689924384,72000,4.88,1,0.87
2023-10-01,Arizona,7151502,0.1181614893041412,52000,4.38,0,0.64
2023-10-01,Illinois,12812508,0.10390061990536553,58000,4.48,1,0.57
2023-10-01,Pennsylvania,13002700,0.08963975050658987,54000,4.58,0,0.5
2023-10-01,Ohio,11799448,0.06926707993691036,48000,4.38,0,0.44
2023-10-01,Georgia,10711908,0.08352794933568602,49000,4.28,0,0.47
2023-10-01,North Carolina,10439388,0.09575155167749373,51000,4.18,0,0.52
2023-10-01,Michigan,10077331,0.07741614816478216,47000,4.48,1,0.4
2023-10-01,New Jersey,9288994,0.13038509164594891,65000,4.68,1,0.7
2023-10-01,Virginia,8631393,0.09167701756355782,53000,4.38,0,0.48
2023-10-01,Massachusetts,7029917,0.14464596104472455,70000,4.98,1,0.74
2023-11-01,California,39538223,0.17789112861561962,75000,4.85,1,0.92
2023-11-01,New York,20201249,0.12975588204904018,68000,4.65,1,0.78
2023-11-01,Texas,29145505,0.10045616674764402,55000,3.95,0,0.65
2023-11-01,Florida,21538187,0.08789914590418851,48000,4.15,0,0.58
2023-11-01,Washington,7705280,0.16324127096492153,72000,4.75,1,0.85
2023-11-01,Arizona,7151502,0.10882751397661435,52000,4.25,0,0.62
2023-11-01,Illinois,12812508,0.09417765632591626,58000,4.35,1,0.55
2023-11-01,Pennsylvania,13002700,0.07952779867521817,54000,4.45,0,0.48
2023-11-01,Ohio,11799448,0.058599430602792345,48000,4.25,0,0.42
2023-11-01,Georgia,10711908,0.07324928825349043,49000,4.15,0,0.45
2023-11-01,North Carolina,10439388,0.08580630909694593,51000,4.05,0,0.5
2023-11-01,Michigan,10077331,0.06697077783176268,47000,4.35,1,0.38
2023-11-01,New Jersey,9288994,0.12138453482006985,65000,4.55,1,0.68
2023-11-01,Virginia,8631393,0.08162063548246076,53000,4.25,0,0.46
2023-11-01,Massachusetts,7029917,0.13603439247076793,70000,4.85,1,0.72
2023-11-01,California,39538223,0.18416963903734734,75000,4.92,1,0.93
2023-11-01,New York,20201249,0.13603439247076793,68000,4.68,1,0.79
2023-11-01,Texas,29145505,0.10673467716937175,55000,3.98,0,0.66
2023-11-01,Florida,21538187,0.09417765632591626,48000,4.22,0,0.59
2023-11-01,Washington,7705280,0.17161261819389187,72000,4.82,1,0.86
2023-11-01,Arizona,7151502,0.1151060243983421,52000,4.32,0,0.63
2023-11-01,Illinois,12812508,0.10045616674764402,58000,4.42,1,0.56
2023-11-01,Pennsylvania,13002700,0.08580630909694593,54000,4.52,0,0.49
2023-11-01,Ohio,11799448,0.06487794102452009,48000,4.32,0,0.43
2023-11-01,Georgia,10711908,0.07952779867521817,49000,4.22,0,0.46
2023-11-01,North Carolina,10439388,0.09208481951867367,51000,4.12,0,0.51
2023-11-01,Michigan,10077331,0.07324928825349043,47000,4.42,1,0.39
2023-11-01,New Jersey,9288994,0.12766304524179758,65000,4.62,1,0.69
2023-11-01,Virginia,8631393,0.08789914590418851,53000,4.32,0,0.47
2023-11-01,Massachusetts,7029917,0.1423129028924957,70000,4.92,1,0.73
2023-11-01,California,39538223,0.1925409862663177,75000,4.98,1,0.94
2023-11-01,New York,20201249,0.1423129028924957,68000,4.75,1,0.8
2023-11-01,Texas,29145505,0.11301318759109952,55000,4.05,0,0.67
2023-11-01,Florida,21538187,0.10045616674764402,48000,4.28,0,0.6
2023-11-01,Washington,7705280,0.17998396542286219,72000,4.88,1,0.87
2023-11-01,Arizona,7151502,0.12138453482006985,52000,4.38,0,0.64
2023-11-01,Illinois,12812508,0.10673467716937175,58000,4.48,1,0.57
2023-11-01,Pennsylvania,13002700,0.09208481951867367,54000,4.58,0,0.5
2023-11-01,Ohio,11799448,0.07115645144624785,48000,4.38,0,0.44
2023-11-01,Georgia,10711908,0.08580630909694593,49000,4.28,0,0.47
2023-11-01,North Carolina,10439388,0.09836332994040142,51000,4.18,0,0.52
2023-11-01,Michigan,10077331,0.07952779867521817,47000,4.48,1,0.4
2023-11-01,New Jersey,9288994,0.13394155566352536,65000,4.68,1,0.7
2023-11-01,Virginia,8631393,0.09417765632591626,53000,4.38,0,0.48
2023-11-01,Massachusetts,7029917,0.14859141331422343,70000,4.98,1,0.74
2023-12-01,California,39538223,0.18197926594461186,75000,4.85,1,0.92
2023-12-01,New York,20201249,0.1327378175125404,68000,4.65,1,0.78
2023-12-01,Texas,29145505,0.10276476194519257,55000,3.95,0,0.65
2023-12-01,Florida,21538187,0.0899191667020435,48000,4.15,0,0.58
2023-12-01,Washington,7705280,0.16699273816093793,72000,4.75,1,0.85
2023-12-01,Arizona,7151502,0.11132849210729194,52000,4.25,0,0.62
2023-12-01,Illinois,12812508,0.09634196432361802,58000,4.35,1,0.55
2023-12-01,Pennsylvania,13002700,0.08135543653994412,54000,4.45,0,0.48
2023-12-01,Ohio,11799448,0.05994611113469567,48000,4.25,0,0.42
2023-12-01,Georgia,10711908,0.07493263891836958,49000,4.15,0,0.45
2023-12-01,North Carolina,10439388,0.08777823416151866,51000,4.05,0,0.5
2023-12-01,Michigan,10077331,0.06850984129679505,47000,4.35,1,0.38
2023-12-01,New Jersey,9288994,0.12417408735044103,65000,4.55,1,0.68
2023-12-01,Virginia,8631393,0.08349636908046897,53000,4.25,0,0.46
2023-12-01,Massachusetts,7029917,0.13916061513411493,70000,4.85,1,0.72
2023-12-01,California,39538223,0.18840206356618636,75000,4.92,1,0.93
2023-12-01,New York,20201249,0.13916061513411493,68000,4.68,1,0.79
2023-12-01,Texas,29145505,0.1091875595667671,55000,3.98,0,0.66
2023-12-01,Florida,21538187,0.09634196432361802,48000,4.22,0,0.59
2023-12-01,Washington,7705280,0.1755564683230373,72000,4.82,1,0.86
2023-12-01,Arizona,7151502,0.11775128972886649,52000,4.32,0,0.63
2023-12-01,Illinois,12812508,0.10276476194519257,58000,4.42,1,0.56
2023-12-01,Pennsylvania,13002700,0.08777823416151866,54000,4.52,0,0.49
2023-12-01,Ohio,11799448,0.0663689087562702,48000,4.32,0,0.43
2023-12-01,Georgia,10711908,0.08135543653994412,49000,4.22,0,0.46
2023-12-01,North Carolina,10439388,0.09420103178309318,51000,4.12,0,0.51
2023-12-01,Michigan,10077331,0.07493263891836958,47000,4.42,1,0.39
2023-12-01,New Jersey,9288994,0.13059688497201555,65000,4.62,1,0.69
2023-12-01,Virginia,8631393,0.0899191667020435,53000,4.32,0,0.47
2023-12-01,Massachusetts,7029917,0.14558341275568948,70000,4.92,1,0.73
2023-12-01,California,39538223,0.19696579372828577,75000,4.98,1,0.94
2023-12-01,New York,20201249,0.14558341275568948,68000,4.75,1,0.8
2023-12-01,Texas,29145505,0.11561035718834163,55000,4.05,0,0.67
2023-12-01,Florida,21538187,0.10276476194519257,48000,4.28,0,0.6
2023-12-01,Washington,7705280,0.18412019848513667,72000,4.88,1,0.87
2023-12-01,Arizona,7151502,0.12417408735044103,52000,4.38,0,0.64
2023-12-01,Illinois,12812508,0.1091875595667671,58000,4.48,1,0.57
2023-12-01,Pennsylvania,13002700,0.09420103178309318,54000,4.58,0,0.5
2023-12-01,Ohio,11799448,0.07279170637784474,48000,4.38,0,0.44
2023-12-01,Georgia,10711908,0.08777823416151866,49000,4.28,0,0.47
2023-12-01,North Carolina,10439388,0.10062382940466773,51000,4.18,0,0.52
2023-12-01,Michigan,10077331,0.08135543653994412,47000,4.48,1,0.4
2023-12-01,New Jersey,9288994,0.1370196825935901,65000,4.68,1,0.7
2023-12-01,Virginia,8631393,0.09634196432361802,53000,4.38,0,0.48
2023-12-01,Massachusetts,7029917,0.152006210377264,70000,4.98,1,0.74
